{"cameraMode":{"drawMode":0,"name":"Shaded","section":"Shading Mode"},"sceneLighting":true,"audioPlay":false,"sceneViewState":{"m_AlwaysRefresh":false,"showFog":true,"showSkybox":true,"showFlares":true,"showImageEffects":true,"showParticleSystems":true,"showVisualEffectGraphs":true,"m_FxEnabled":true},"in2DMode":false,"pivot":{"x":1.4702072143554688,"y":2.159533739089966,"z":0.9648907780647278},"rotation":{"x":0.021762851625680925,"y":0.6246654987335205,"z":-0.017447786405682565,"w":0.7804137468338013},"size":1.8971539735794068,"orthographic":false}